{
  "accuracy": 0.7932960893854749,
  "precision": 0.7666666666666667,
  "recall": 0.6666666666666666,
  "f1": 0.7131782945736435,
  "roc_auc": 0.8397891963109354
}